delivery_id,delivery_schedule_date,campaign_source,campaign_content,master_block_id,planning_segment,content_type,delivery_type
"'DM1000'","2021-02-21","transactional","tactical","MBI119000","kidsandfamily","'IMAGE","ALERT"
"'DM2000'","2021-02-22","batch","campaign","MBI1000","baby","IMAGE","ALERT"
"'DM3000'","2021-02-25","batch ","campaign","MBI122000","women","VIDEO","ALERT"
"'DM4000'","2021-02-28","lifecycle_loyalty","LIFECYCLE-LOYALTY","MBI117000","member","VIDEO","ALERT"
"'DM6000'","2021-02-28","batch","campaign","MBI59000","women","IMAGE ","ALERT"
