master_block_id,block_id,block_locale,deep_link,cta_label,cropping_type
MBI1000,BI70000,pl_PL,https://www2.hm.com/campaign/1.html,Kup teraz,NONE
MBI1000,BI80000,cs_CZ,https://www2.hm.com/campaign/1.html,Nakupovat nyní,NONE
MBI1000,BI160000,sv_FI,https://www2.hm.com/campaign/1.html,Shoppa nu,NONE
MBI1000,BI170000,en_CN,https://www2.hm.com/campaign/1.html,SHOP NOW,NONE
MBI1000,BI190000,es_MX,https://www2.hm.com/campaign/1.html,COMPRA AHORA,NONE
MBI1000,BI200000,pt_PT,https://www2.hm.com/campaign/1.html,COMPRAR AGORA,NONE
MBI1000,BI250000,en_CY,https://www2.hm.com/campaign/1.html,SHOP NOW,NONE
MBI1000,BI310000,fr_CH,https://www2.hm.com/campaign/1.html,ACHETER,NONE
MBI1000,BI320000,en_HK,https://www2.hm.com/campaign/1.html,SHOP NOW,NONE
MBI1000,BI350000,de_AT,https://www2.hm.com/campaign/1.html,JETZT SHOPPEN,NONE
MBI1000,BI380000,default,https://www2.hm.com/campaign/1.html,SHOP NOW,NONE
MBI1000,BI390000,zh_CN,https://www2.hm.com/campaign/1.html,即刻选购,NONE
MBI1000,BI470000,ru_RU,https://www2.hm.com/campaign/1.html,КУПИТЬ СЕЙЧАС,NONE
MBI1000,BI500000,en_MO,https://www2.hm.com/campaign/1.html,SHOP NOW,NONE
MBI1000,BI510000,en_US,https://www2.hm.com/campaign/1.html,SHOP NOW,NONE
MBI1000,BI540000,en_MY,https://www2.hm.com/campaign/1.html,SHOP NOW,NONE
MBI1000,BI550000,es_US,https://www2.hm.com/campaign/1.html,COMPRA AHORA,NONE
MBI1000,BI600000,sv_SE,https://www2.hm.com/campaign/1.html,Shoppa nu,NONE
MBI1000,BI670000,sk_SK,https://www2.hm.com/campaign/1.html,Nakupujte teraz,NONE
MBI1000,BI680000,en_LU,https://www2.hm.com/campaign/1.html,SHOP NOW,NONE
MBI1000,BI690000,fr_BE,https://www2.hm.com/campaign/1.html,ACHETER,NONE
MBI1000,BI780000,fr_FR,https://www2.hm.com/campaign/1.html,SHOPPING,NONE
MBI1000,BI880000,en_SG,https://www2.hm.com/campaign/1.html,SHOP NOW,NONE
MBI1000,BI900000,nl_BE,https://www2.hm.com/campaign/1.html,SHOP NU,NONE
MBI1000,BI930000,it_IT,https://www2.hm.com/campaign/1.html,ACQUISTA,NONE
MBI1000,BI940000,en_HR,https://www2.hm.com/campaign/1.html,SHOP NOW,NONE
MBI1000,BI950000,de_DE,https://www2.hm.com/campaign/1.html,JETZT KAUFEN,NONE
MBI1000,BI960000,de_CH,https://www2.hm.com/campaign/1.html,JETZT KAUFEN,NONE
MBI1000,BI980000,nl_NL,https://www2.hm.com/campaign/1.html,SHOP NU,NONE
MBI1000,BI1030000,zh_HK,https://www2.hm.com/campaign/1.html,立即選購,NONE
MBI1000,BI1040000,it_CH,https://www2.hm.com/campaign/1.html,ACQUISTA ORA,NONE
MBI1000,BI1060000,fi_FI,https://www2.hm.com/campaign/1.html,Shoppaile nyt,NONE
MBI1000,BI1070000,en_GB,https://www2.hm.com/campaign/1.html,SHOP NOW,NONE
MBI1000,BI1110000,zh_TW,https://www2.hm.com/campaign/1.html,立即選購,NONE
MBI1000,BI1230000,en_EE,https://www2.hm.com/campaign/1.html,SHOP NOW,NONE
MBI1000,BI1240000,sl_SI,https://www2.hm.com/campaign/1.html,SHOP NOW,NONE
MBI1000,BI1250000,en_CA,https://www2.hm.com/campaign/1.html,SHOP NOW,NONE
MBI1000,BI1280000,en_LT,https://www2.hm.com/campaign/1.html,SHOP NOW,NONE
MBI1000,BI1290000,ko_KR,https://www2.hm.com/campaign/1.html,지금 쇼핑하기,NONE
MBI1000,BI1310000,es_ES,https://www2.hm.com/campaign/1.html,COMPRAR AHORA,NONE
MBI1000,BI1340000,en_TW,https://www2.hm.com/campaign/1.html,SHOP NOW,NONE
MBI1000,BI1360000,ro_RO,https://www2.hm.com/campaign/1.html,Cumpără acum,NONE
MBI1000,BI1420000,en_SI,https://www2.hm.com/campaign/1.html,SHOP NOW,NONE
MBI1000,BI1430000,el_GR,https://www2.hm.com/campaign/1.html,SHOP NOW,NONE
MBI1000,BI1450000,tr_TR,https://www2.hm.com/campaign/1.html,ŞİMDİ SATIN AL,NONE
MBI1000,BI1500000,no_NO,https://www2.hm.com/campaign/1.html,Shop nå,NONE
MBI1000,BI1530000,bg_BG,https://www2.hm.com/campaign/1.html,Пазарувайте тук,NONE
MBI1000,BI1540000,en_GR,https://www2.hm.com/campaign/1.html,SHOP NOW,NONE
MBI1000,BI1550000,da_DK,https://www2.hm.com/campaign/1.html,Shop nu,NONE
MBI1000,BI1570000,en_IN,https://www2.hm.com/campaign/1.html,SHOP NOW,NONE
MBI1000,BI1590000,en_IE,https://www2.hm.com/campaign/1.html,SHOP NOW,NONE
MBI1000,BI1600000,en_PH,https://www2.hm.com/campaign/1.html,SHOP NOW,NONE
MBI1000,BI1660000,fr_CA,https://www2.hm.com/campaign/1.html,MAGASINER MAINTENANT,NONE
MBI1000,BI1690000,en_AU,https://www2.hm.com/campaign/1.html,SHOP NOW,NONE
MBI1000,BI1700000,hu_HU,https://www2.hm.com/campaign/1.html,Vásárlás most,NONE
MBI1000,BI1750000,ja_JP,https://www2.hm.com/campaign/1.html,今すぐ購入,NONE
MBI1000,BI1770000,en_LV,https://www2.hm.com/campaign/1.html,SHOP NOW,NONE
MBI1000,BI1790000,zh_MO,https://www2.hm.com/campaign/1.html,立即選購,NONE
MBI59000,BI10000,fr_CA,https://www2.hm.com/campaign/59.html,MAGASINER MAINTENANT,BOTTOM
MBI59000,BI40000,zh_TW,https://www2.hm.com/campaign/59.html,立即選購,BOTTOM
MBI59000,BI60000,cs_CZ,https://www2.hm.com/campaign/59.html,Nakupovat nyní,BOTTOM
MBI59000,BI100000,zh_CN,https://www2.hm.com/campaign/59.html,即刻选购,BOTTOM
MBI59000,BI110000,zh_HK,https://www2.hm.com/campaign/59.html,立即選購,BOTTOM
MBI59000,BI120000,de_DE,https://www2.hm.com/campaign/59.html,JETZT KAUFEN,BOTTOM
MBI59000,BI150000,en_AU,https://www2.hm.com/campaign/59.html,SHOP NOW,BOTTOM
MBI59000,BI300000,sv_SE,https://www2.hm.com/campaign/59.html,Shoppa nu,BOTTOM
MBI59000,BI330000,es_ES,https://www2.hm.com/campaign/59.html,COMPRAR AHORA,BOTTOM
MBI59000,BI360000,en_PH,https://www2.hm.com/campaign/59.html,SHOP NOW,BOTTOM
MBI59000,BI370000,en_US,https://www2.hm.com/campaign/59.html,SHOP NOW,BOTTOM
MBI59000,BI420000,sk_SK,https://www2.hm.com/campaign/59.html,Nakupujte teraz,BOTTOM
MBI59000,BI430000,tr_TR,https://www2.hm.com/campaign/59.html,ŞİMDİ SATIN AL,BOTTOM
MBI59000,BI440000,en_EE,https://www2.hm.com/campaign/59.html,SHOP NOW,BOTTOM
MBI59000,BI480000,bg_BG,https://www2.hm.com/campaign/59.html,Пазарувайте тук,BOTTOM
MBI59000,BI490000,fi_FI,https://www2.hm.com/campaign/59.html,Shoppaile nyt,BOTTOM
MBI59000,BI530000,en_LU,https://www2.hm.com/campaign/59.html,SHOP NOW,BOTTOM
MBI59000,BI560000,en_SG,https://www2.hm.com/campaign/59.html,SHOP NOW,BOTTOM
MBI59000,BI610000,hu_HU,https://www2.hm.com/campaign/59.html,Vásárlás most,BOTTOM
MBI59000,BI620000,no_NO,https://www2.hm.com/campaign/59.html,Shop nå,BOTTOM
MBI59000,BI630000,en_MY,https://www2.hm.com/campaign/59.html,SHOP NOW,BOTTOM
MBI59000,BI640000,en_CA,https://www2.hm.com/campaign/59.html,SHOP NOW,BOTTOM
MBI59000,BI650000,en_IE,https://www2.hm.com/campaign/59.html,SHOP NOW,BOTTOM
MBI59000,BI660000,en_LT,https://www2.hm.com/campaign/59.html,SHOP NOW,BOTTOM
MBI59000,BI700000,de_AT,https://www2.hm.com/campaign/59.html,JETZT SHOPPEN,BOTTOM
MBI59000,BI750000,default,https://www2.hm.com/campaign/59.html,SHOP NOW,BOTTOM
MBI59000,BI760000,it_IT,https://www2.hm.com/campaign/59.html,ACQUISTA,BOTTOM
MBI59000,BI800000,en_GR,https://www2.hm.com/campaign/59.html,SHOP NOW,BOTTOM
MBI59000,BI820000,en_SI,https://www2.hm.com/campaign/59.html,SHOP NOW,BOTTOM
MBI59000,BI840000,ru_RU,https://www2.hm.com/campaign/59.html,КУПИТЬ СЕЙЧАС,BOTTOM
MBI59000,BI870000,it_CH,https://www2.hm.com/campaign/59.html,ACQUISTA ORA,BOTTOM
MBI59000,BI970000,en_LV,https://www2.hm.com/campaign/59.html,SHOP NOW,BOTTOM
MBI59000,BI990000,en_HR,https://www2.hm.com/campaign/59.html,SHOP NOW,BOTTOM
MBI59000,BI1010000,fr_CH,https://www2.hm.com/campaign/59.html,ACHETER,BOTTOM
MBI59000,BI1020000,nl_NL,https://www2.hm.com/campaign/59.html,SHOP NU,BOTTOM
MBI59000,BI1050000,es_MX,https://www2.hm.com/campaign/59.html,COMPRA AHORA,BOTTOM
MBI59000,BI1120000,el_GR,https://www2.hm.com/campaign/59.html,SHOP NOW,BOTTOM
MBI59000,BI1130000,pl_PL,https://www2.hm.com/campaign/59.html,Kup teraz,BOTTOM
MBI59000,BI1170000,en_MO,https://www2.hm.com/campaign/59.html,SHOP NOW,BOTTOM
MBI59000,BI1190000,de_CH,https://www2.hm.com/campaign/59.html,JETZT KAUFEN,BOTTOM
MBI59000,BI1200000,sv_FI,https://www2.hm.com/campaign/59.html,Shoppa nu,BOTTOM
MBI59000,BI1210000,nl_BE,https://www2.hm.com/campaign/59.html,SHOP NU,BOTTOM
MBI59000,BI1220000,ro_RO,https://www2.hm.com/campaign/59.html,Cumpără acum,BOTTOM
MBI59000,BI1270000,sl_SI,https://www2.hm.com/campaign/59.html,SHOP NOW,BOTTOM
MBI59000,BI1300000,ko_KR,https://www2.hm.com/campaign/59.html,지금 쇼핑하기,BOTTOM
MBI59000,BI1370000,ja_JP,https://www2.hm.com/campaign/59.html,今すぐ購入,BOTTOM
MBI59000,BI1380000,fr_BE,https://www2.hm.com/campaign/59.html,ACHETER,BOTTOM
MBI59000,BI1390000,fr_FR,https://www2.hm.com/campaign/59.html,SHOPPING,BOTTOM
MBI59000,BI1410000,da_DK,https://www2.hm.com/campaign/59.html,Shop nu,BOTTOM
MBI59000,BI1460000,es_US,https://www2.hm.com/campaign/59.html,COMPRA AHORA,BOTTOM
MBI59000,BI1480000,en_CN,https://www2.hm.com/campaign/59.html,SHOP NOW,BOTTOM
MBI59000,BI1490000,en_HK,https://www2.hm.com/campaign/59.html,SHOP NOW,BOTTOM
MBI59000,BI1620000,en_GB,https://www2.hm.com/campaign/59.html,SHOP NOW,BOTTOM
MBI59000,BI1710000,en_IN,https://www2.hm.com/campaign/59.html,SHOP NOW,BOTTOM
MBI59000,BI1730000,zh_MO,https://www2.hm.com/campaign/59.html,立即選購,BOTTOM
MBI59000,BI1740000,en_TW,https://www2.hm.com/campaign/59.html,SHOP NOW,BOTTOM
MBI59000,BI1760000,en_CY,https://www2.hm.com/campaign/59.html,SHOP NOW,BOTTOM
MBI59000,BI1780000,pt_PT,https://www2.hm.com/campaign/59.html,COMPRAR AGORA,BOTTOM
MBI117000,BI520000,en_GB,https://www2.hm.com/campaign/117.html,SHOP NOW,NONE
MBI117000,BI1140000,default,https://www2.hm.com/campaign/117.html,SHOP NOW,NONE
MBI119000,BI410000,en_GB,https://www2.hm.com/campaign/119.html,KIDS,NONE
MBI119000,BI460000,en_IE,https://www2.hm.com/campaign/119.html,KIDS,NONE
MBI119000,BI1160000,default,https://www2.hm.com/campaign/119.html,KIDS,NONE
MBI122000,BI20000,hu_HU,https://www2.hm.com/campaign/122.html,Vásárlás most,BOTTOM
MBI122000,BI30000,pl_PL,https://www2.hm.com/campaign/122.html,Kup teraz,BOTTOM
MBI122000,BI50000,ja_JP,https://www2.hm.com/campaign/122.html,今すぐ購入,BOTTOM
MBI122000,BI90000,pt_PT,https://www2.hm.com/campaign/122.html,COMPRAR AGORA,BOTTOM
MBI122000,BI130000,en_MO,https://www2.hm.com/campaign/122.html,SHOP NOW,BOTTOM
MBI122000,BI140000,fr_CA,https://www2.hm.com/campaign/122.html,MAGASINER MAINTENANT,BOTTOM
MBI122000,BI180000,it_CH,https://www2.hm.com/campaign/122.html,ACQUISTA ORA,BOTTOM
MBI122000,BI210000,sk_SK,https://www2.hm.com/campaign/122.html,Nakupujte teraz,BOTTOM
MBI122000,BI220000,es_MX,https://www2.hm.com/campaign/122.html,COMPRA AHORA,BOTTOM
MBI122000,BI230000,zh_TW,https://www2.hm.com/campaign/122.html,立即選購,BOTTOM
MBI122000,BI240000,en_GR,https://www2.hm.com/campaign/122.html,SHOP NOW,BOTTOM
MBI122000,BI260000,en_PH,https://www2.hm.com/campaign/122.html,SHOP NOW,BOTTOM
MBI122000,BI270000,fr_FR,https://www2.hm.com/campaign/122.html,SHOPPING,BOTTOM
MBI122000,BI280000,en_LU,https://www2.hm.com/campaign/122.html,SHOP NOW,BOTTOM
MBI122000,BI290000,de_DE,https://www2.hm.com/campaign/122.html,JETZT KAUFEN,BOTTOM
MBI122000,BI340000,de_CH,https://www2.hm.com/campaign/122.html,JETZT KAUFEN,BOTTOM
MBI122000,BI400000,en_AU,https://www2.hm.com/campaign/122.html,SHOP NOW,BOTTOM
MBI122000,BI450000,en_IE,https://www2.hm.com/campaign/122.html,SHOP NOW,BOTTOM
MBI122000,BI570000,no_NO,https://www2.hm.com/campaign/122.html,Shop nå,BOTTOM
MBI122000,BI580000,en_EE,https://www2.hm.com/campaign/122.html,SHOP NOW,BOTTOM
MBI122000,BI590000,en_LT,https://www2.hm.com/campaign/122.html,SHOP NOW,BOTTOM
MBI122000,BI710000,en_LV,https://www2.hm.com/campaign/122.html,SHOP NOW,BOTTOM
MBI122000,BI720000,en_CN,https://www2.hm.com/campaign/122.html,SHOP NOW,BOTTOM
MBI122000,BI730000,en_HK,https://www2.hm.com/campaign/122.html,SHOP NOW,BOTTOM
MBI122000,BI740000,tr_TR,https://www2.hm.com/campaign/122.html,ŞİMDİ SATIN AL,BOTTOM
MBI122000,BI770000,el_GR,https://www2.hm.com/campaign/122.html,SHOP NOW,BOTTOM
MBI122000,BI790000,bg_BG,https://www2.hm.com/campaign/122.html,Пазарувайте тук,BOTTOM
MBI122000,BI810000,en_GB,https://www2.hm.com/campaign/122.html,SHOP NOW,BOTTOM
MBI122000,BI830000,en_US,https://www2.hm.com/campaign/122.html,SHOP NOW,BOTTOM
MBI122000,BI850000,ro_RO,https://www2.hm.com/campaign/122.html,Cumpără acum,BOTTOM
MBI122000,BI860000,ko_KR,https://www2.hm.com/campaign/122.html,지금 쇼핑하기,BOTTOM
MBI122000,BI890000,en_IN,https://www2.hm.com/campaign/122.html,SHOP NOW,BOTTOM
MBI122000,BI910000,en_TW,https://www2.hm.com/campaign/122.html,SHOP NOW,BOTTOM
MBI122000,BI920000,sv_SE,https://www2.hm.com/campaign/122.html,Shoppa nu,BOTTOM
MBI122000,BI1000000,cs_CZ,https://www2.hm.com/campaign/122.html,Nakupovat nyní,BOTTOM
MBI122000,BI1080000,zh_MO,https://www2.hm.com/campaign/122.html,立即選購,BOTTOM
MBI122000,BI1090000,zh_HK,https://www2.hm.com/campaign/122.html,立即選購,BOTTOM
MBI122000,BI1100000,en_CA,https://www2.hm.com/campaign/122.html,SHOP NOW,BOTTOM
MBI122000,BI1150000,es_ES,https://www2.hm.com/campaign/122.html,COMPRAR AHORA,BOTTOM
MBI122000,BI1180000,da_DK,https://www2.hm.com/campaign/122.html,Shop nu,BOTTOM
MBI122000,BI1260000,de_AT,https://www2.hm.com/campaign/122.html,JETZT SHOPPEN,BOTTOM
MBI122000,BI1320000,sv_FI,https://www2.hm.com/campaign/122.html,Shoppa nu,BOTTOM
MBI122000,BI1330000,ru_RU,https://www2.hm.com/campaign/122.html,КУПИТЬ СЕЙЧАС,BOTTOM
MBI122000,BI1350000,fi_FI,https://www2.hm.com/campaign/122.html,Shoppaile nyt,BOTTOM
MBI122000,BI1400000,nl_BE,https://www2.hm.com/campaign/122.html,SHOP NU,BOTTOM
MBI122000,BI1440000,en_SG,https://www2.hm.com/campaign/122.html,SHOP NOW,BOTTOM
MBI122000,BI1470000,nl_NL,https://www2.hm.com/campaign/122.html,SHOP NU,BOTTOM
MBI122000,BI1510000,fr_CH,https://www2.hm.com/campaign/122.html,ACHETER,BOTTOM
MBI122000,BI1520000,zh_CN,https://www2.hm.com/campaign/122.html,即刻选购,BOTTOM
MBI122000,BI1560000,fr_BE,https://www2.hm.com/campaign/122.html,ACHETER,BOTTOM
MBI122000,BI1580000,en_SI,https://www2.hm.com/campaign/122.html,SHOP NOW,BOTTOM
MBI122000,BI1610000,sl_SI,https://www2.hm.com/campaign/122.html,SHOP NOW,BOTTOM
MBI122000,BI1630000,en_HR,https://www2.hm.com/campaign/122.html,SHOP NOW,BOTTOM
MBI122000,BI1640000,default,https://www2.hm.com/campaign/122.html,SHOP NOW,BOTTOM
MBI122000,BI1650000,en_CY,https://www2.hm.com/campaign/122.html,SHOP NOW,BOTTOM
MBI122000,BI1670000,es_US,https://www2.hm.com/campaign/122.html,COMPRA AHORA,BOTTOM
MBI122000,BI1680000,it_IT,https://www2.hm.com/campaign/122.html,ACQUISTA,BOTTOM
MBI122000,BI1720000,en_MY,https://www2.hm.com/campaign/122.html,SHOP NOW,BOTTOM
